{
  "content": [
    {
      "path": "html_ui/icons/ICON_VS_TOOLBAR.svg",
      "size": 1209,
      "date": 132987361980000000
    },
    {
      "path": "html_ui/icons/toolbar/ICON_VS_TOOLBAR.svg",
      "size": 1209,
      "date": 132987361980000000
    },
    {
      "path": "html_ui/InGamePanels/vsr/logo.gif",
      "size": 249199,
      "date": 132995778940000000
    },
    {
      "path": "html_ui/InGamePanels/vsr/vsr.css",
      "size": 1676,
      "date": 133085049410000000
    },
    {
      "path": "html_ui/InGamePanels/vsr/vsr.html",
      "size": 1883,
      "date": 133060883210000000
    },
    {
      "path": "html_ui/InGamePanels/vsr/vsr.js",
      "size": 5726,
      "date": 132907903640000000
    },
    {
      "path": "html_ui/Textures/Menu/toolbar/ICON_VS_TOOLBAR.svg",
      "size": 1209,
      "date": 132987361980000000
    },
    {
      "path": "InGamePanels/vs-radio-toolbar.spb",
      "size": 591,
      "date": 133085069123027911
    }
  ]
}